Date,Open,High,Low,Close,Adj Close,Volume,Ticker,FOMC_Date,Event_Trading_Day
2020-01-27 00:00:00+00:00,149.24000549316406,149.32000732421875,148.4600067138672,148.99000549316406,148.99000549316406,9988100,GLD,2020-01-29 00:00:00+00:00,-2
2020-01-28 00:00:00+00:00,148.36000061035156,148.55999755859375,147.52999877929688,147.66000366210938,147.66000366210938,7543100,GLD,2020-01-29 00:00:00+00:00,-1
2020-01-29 00:00:00+00:00,147.6999969482422,148.55999755859375,147.61000061035156,148.4600067138672,148.4600067138672,5013100,GLD,2020-01-29 00:00:00+00:00,0
2020-01-30 00:00:00+00:00,148.69000244140625,149.30999755859375,148.00999450683594,148.47000122070312,148.47000122070312,9119500,GLD,2020-01-29 00:00:00+00:00,1
2020-01-31 00:00:00+00:00,148.8800048828125,149.67999267578125,148.80999755859375,149.3300018310547,149.3300018310547,14788300,GLD,2020-01-29 00:00:00+00:00,2
2020-02-28 00:00:00+00:00,152.7100067138672,152.77000427246094,147.0500030517578,148.3800048828125,148.3800048828125,42699600,GLD,2020-03-03 00:00:00+00:00,-2
2020-03-02 00:00:00+00:00,150.0,150.72999572753906,149.0399932861328,149.1999969482422,149.1999969482422,16295400,GLD,2020-03-03 00:00:00+00:00,-1
2020-03-03 00:00:00+00:00,150.83999633789062,155.24000549316406,150.74000549316406,153.88999938964844,153.88999938964844,28687700,GLD,2020-03-03 00:00:00+00:00,0
2020-03-04 00:00:00+00:00,154.39999389648438,154.9600067138672,153.6999969482422,154.16000366210938,154.16000366210938,12315500,GLD,2020-03-03 00:00:00+00:00,1
2020-03-05 00:00:00+00:00,156.05999755859375,157.6199951171875,155.72000122070312,157.49000549316406,157.49000549316406,17973500,GLD,2020-03-03 00:00:00+00:00,2
2020-03-12 00:00:00+00:00,151.52999877929688,151.5500030517578,146.85000610351562,147.7899932861328,147.7899932861328,32893400,GLD,2020-03-15 00:00:00+00:00,-2
2020-03-13 00:00:00+00:00,149.4199981689453,149.60000610351562,141.5800018310547,143.27999877929688,143.27999877929688,35177200,GLD,2020-03-15 00:00:00+00:00,-1
2020-03-16 00:00:00+00:00,137.55999755859375,142.9600067138672,136.1199951171875,141.63999938964844,141.63999938964844,24496000,GLD,2020-03-15 00:00:00+00:00,0
2020-03-17 00:00:00+00:00,140.17999267578125,146.1999969482422,139.92999267578125,143.55999755859375,143.55999755859375,24490300,GLD,2020-03-15 00:00:00+00:00,1
2020-03-18 00:00:00+00:00,141.75,142.8800048828125,138.5,140.6999969482422,140.6999969482422,21953400,GLD,2020-03-15 00:00:00+00:00,2
2020-04-27 00:00:00+00:00,161.8800048828125,162.0,160.41000366210938,161.55999755859375,161.55999755859375,9033500,GLD,2020-04-29 00:00:00+00:00,-2
2020-04-28 00:00:00+00:00,160.88999938964844,160.97999572753906,159.16000366210938,160.83999633789062,160.83999633789062,10383000,GLD,2020-04-29 00:00:00+00:00,-1
2020-04-29 00:00:00+00:00,160.10000610351562,161.85000610351562,159.75999450683594,161.72999572753906,161.72999572753906,12232300,GLD,2020-04-29 00:00:00+00:00,0
2020-04-30 00:00:00+00:00,160.22000122070312,160.82000732421875,158.1300048828125,158.8000030517578,158.8000030517578,13633500,GLD,2020-04-29 00:00:00+00:00,1
2020-05-01 00:00:00+00:00,158.0,160.4499969482422,157.8000030517578,159.77999877929688,159.77999877929688,10914300,GLD,2020-04-29 00:00:00+00:00,2
2020-06-08 00:00:00+00:00,158.89999389648438,159.86000061035156,158.47000122070312,159.72000122070312,159.72000122070312,9244400,GLD,2020-06-10 00:00:00+00:00,-2
2020-06-09 00:00:00+00:00,161.10000610351562,161.77999877929688,160.8699951171875,161.25999450683594,161.25999450683594,9045600,GLD,2020-06-10 00:00:00+00:00,-1
2020-06-10 00:00:00+00:00,162.10000610351562,163.6300048828125,160.52000427246094,163.57000732421875,163.57000732421875,13009300,GLD,2020-06-10 00:00:00+00:00,0
2020-06-11 00:00:00+00:00,163.35000610351562,164.05999755859375,161.97000122070312,162.38999938964844,162.38999938964844,11673900,GLD,2020-06-10 00:00:00+00:00,1
2020-06-12 00:00:00+00:00,163.41000366210938,163.8800048828125,162.55999755859375,162.6199951171875,162.6199951171875,6895400,GLD,2020-06-10 00:00:00+00:00,2
2020-07-27 00:00:00+00:00,181.85000610351562,182.8300018310547,181.52999877929688,182.22999572753906,182.22999572753906,21115600,GLD,2020-07-29 00:00:00+00:00,-2
2020-07-28 00:00:00+00:00,182.02000427246094,184.25999450683594,181.4199981689453,183.75,183.75,21164600,GLD,2020-07-29 00:00:00+00:00,-1
2020-07-29 00:00:00+00:00,184.00999450683594,186.13999938964844,182.38999938964844,185.1300048828125,185.1300048828125,25640100,GLD,2020-07-29 00:00:00+00:00,0
2020-07-30 00:00:00+00:00,183.44000244140625,184.3300018310547,182.1300048828125,183.75999450683594,183.75999450683594,18061200,GLD,2020-07-29 00:00:00+00:00,1
2020-07-31 00:00:00+00:00,184.50999450683594,185.75,184.1699981689453,185.42999267578125,185.42999267578125,15876700,GLD,2020-07-29 00:00:00+00:00,2
2020-09-14 00:00:00+00:00,183.57000732421875,184.3000030517578,183.38999938964844,183.88999938964844,183.88999938964844,9709500,GLD,2020-09-16 00:00:00+00:00,-2
2020-09-15 00:00:00+00:00,184.4600067138672,184.6699981689453,182.9199981689453,183.4499969482422,183.4499969482422,7993700,GLD,2020-09-16 00:00:00+00:00,-1
2020-09-16 00:00:00+00:00,184.97999572753906,185.00999450683594,183.3300018310547,183.97000122070312,183.97000122070312,12702400,GLD,2020-09-16 00:00:00+00:00,0
2020-09-17 00:00:00+00:00,181.9199981689453,183.08999633789062,181.47999572753906,182.9600067138672,182.9600067138672,8836200,GLD,2020-09-16 00:00:00+00:00,1
2020-09-18 00:00:00+00:00,183.07000732421875,184.08999633789062,182.63999938964844,183.1999969482422,183.1999969482422,9959700,GLD,2020-09-16 00:00:00+00:00,2
2020-11-03 00:00:00+00:00,178.9499969482422,179.38999938964844,178.3000030517578,178.9199981689453,178.9199981689453,7577200,GLD,2020-11-05 00:00:00+00:00,-2
2020-11-04 00:00:00+00:00,178.92999267578125,179.19000244140625,177.66000366210938,178.82000732421875,178.82000732421875,11117300,GLD,2020-11-05 00:00:00+00:00,-1
2020-11-05 00:00:00+00:00,181.0,183.2899932861328,180.97000122070312,182.92999267578125,182.92999267578125,16102800,GLD,2020-11-05 00:00:00+00:00,0
2020-11-06 00:00:00+00:00,183.39999389648438,183.52999877929688,182.19000244140625,183.19000244140625,183.19000244140625,10378300,GLD,2020-11-05 00:00:00+00:00,1
2020-11-09 00:00:00+00:00,176.4199981689453,176.4499969482422,173.63999938964844,175.0800018310547,175.0800018310547,29800700,GLD,2020-11-05 00:00:00+00:00,2
2020-12-14 00:00:00+00:00,171.91000366210938,172.52000427246094,170.91000366210938,171.5399932861328,171.5399932861328,7644400,GLD,2020-12-16 00:00:00+00:00,-2
2020-12-15 00:00:00+00:00,173.42999267578125,173.97999572753906,173.05999755859375,173.94000244140625,173.94000244140625,6840500,GLD,2020-12-16 00:00:00+00:00,-1
2020-12-16 00:00:00+00:00,174.1300048828125,175.02000427246094,173.02000427246094,174.89999389648438,174.89999389648438,8174700,GLD,2020-12-16 00:00:00+00:00,0
2020-12-17 00:00:00+00:00,177.14999389648438,177.8699951171875,176.5800018310547,176.74000549316406,176.74000549316406,9475800,GLD,2020-12-16 00:00:00+00:00,1
2020-12-18 00:00:00+00:00,176.64999389648438,176.97999572753906,176.10000610351562,176.44000244140625,176.44000244140625,6789900,GLD,2020-12-16 00:00:00+00:00,2
2021-01-25 00:00:00+00:00,174.82000732421875,174.9600067138672,173.19000244140625,174.0500030517578,174.0500030517578,5936800,GLD,2021-01-27 00:00:00+00:00,-2
2021-01-26 00:00:00+00:00,173.97999572753906,174.25999450683594,173.4199981689453,173.6199951171875,173.6199951171875,4685600,GLD,2021-01-27 00:00:00+00:00,-1
2021-01-27 00:00:00+00:00,172.92999267578125,173.52000427246094,171.66000366210938,172.52000427246094,172.52000427246094,9036500,GLD,2021-01-27 00:00:00+00:00,0
2021-01-28 00:00:00+00:00,174.27999877929688,174.72999572753906,172.0399932861328,172.67999267578125,172.67999267578125,9392400,GLD,2021-01-27 00:00:00+00:00,1
2021-01-29 00:00:00+00:00,174.8699951171875,175.16000366210938,172.61000061035156,172.61000061035156,172.61000061035156,11252800,GLD,2021-01-27 00:00:00+00:00,2
2021-03-15 00:00:00+00:00,162.30999755859375,162.5500030517578,161.42999267578125,162.1999969482422,162.1999969482422,8104500,GLD,2021-03-17 00:00:00+00:00,-2
2021-03-16 00:00:00+00:00,162.36000061035156,163.1999969482422,161.80999755859375,162.35000610351562,162.35000610351562,7547400,GLD,2021-03-17 00:00:00+00:00,-1
2021-03-17 00:00:00+00:00,162.27000427246094,164.14999389648438,161.47999572753906,163.50999450683594,163.50999450683594,12626700,GLD,2021-03-17 00:00:00+00:00,0
2021-03-18 00:00:00+00:00,161.14999389648438,162.82000732421875,161.11000061035156,162.55999755859375,162.55999755859375,8711100,GLD,2021-03-17 00:00:00+00:00,1
2021-03-19 00:00:00+00:00,162.55999755859375,163.42999267578125,162.42999267578125,163.24000549316406,163.24000549316406,6868900,GLD,2021-03-17 00:00:00+00:00,2
2021-04-26 00:00:00+00:00,166.6300048828125,166.8699951171875,166.0500030517578,166.83999633789062,166.83999633789062,4786600,GLD,2021-04-28 00:00:00+00:00,-2
2021-04-27 00:00:00+00:00,166.9199981689453,167.14999389648438,166.27999877929688,166.4199981689453,166.4199981689453,5363500,GLD,2021-04-28 00:00:00+00:00,-1
2021-04-28 00:00:00+00:00,165.75,166.9600067138672,165.49000549316406,166.91000366210938,166.91000366210938,6932200,GLD,2021-04-28 00:00:00+00:00,0
2021-04-29 00:00:00+00:00,165.5800018310547,166.25999450683594,164.47000122070312,166.22000122070312,166.22000122070312,9067600,GLD,2021-04-28 00:00:00+00:00,1
2021-04-30 00:00:00+00:00,165.86000061035156,166.0,165.24000549316406,165.66000366210938,165.66000366210938,6248700,GLD,2021-04-28 00:00:00+00:00,2
2021-06-14 00:00:00+00:00,173.16000366210938,175.05999755859375,172.9499969482422,174.7100067138672,174.7100067138672,7733600,GLD,2021-06-16 00:00:00+00:00,-2
2021-06-15 00:00:00+00:00,174.77999877929688,174.9199981689453,173.33999633789062,174.0500030517578,174.0500030517578,7550200,GLD,2021-06-16 00:00:00+00:00,-1
2021-06-16 00:00:00+00:00,173.91000366210938,174.47000122070312,171.02999877929688,171.11000061035156,171.11000061035156,16919700,GLD,2021-06-16 00:00:00+00:00,0
2021-06-17 00:00:00+00:00,167.02000427246094,167.6199951171875,165.44000244140625,165.85000610351562,165.85000610351562,27232200,GLD,2021-06-16 00:00:00+00:00,1
2021-06-18 00:00:00+00:00,166.13999938964844,166.72000122070312,164.8699951171875,164.92999267578125,164.92999267578125,15744300,GLD,2021-06-16 00:00:00+00:00,2
2021-07-26 00:00:00+00:00,168.5800018310547,168.86000061035156,168.0800018310547,168.16000366210938,168.16000366210938,5229800,GLD,2021-07-28 00:00:00+00:00,-2
2021-07-27 00:00:00+00:00,168.72999572753906,168.91000366210938,167.92999267578125,168.44000244140625,168.44000244140625,6300200,GLD,2021-07-28 00:00:00+00:00,-1
2021-07-28 00:00:00+00:00,168.25999450683594,169.3800048828125,167.72000122070312,169.2899932861328,169.2899932861328,7905800,GLD,2021-07-28 00:00:00+00:00,0
2021-07-29 00:00:00+00:00,170.6999969482422,171.52000427246094,170.6699981689453,171.1699981689453,171.1699981689453,8119600,GLD,2021-07-28 00:00:00+00:00,1
2021-07-30 00:00:00+00:00,170.72000122070312,170.99000549316406,169.3800048828125,169.82000732421875,169.82000732421875,7391700,GLD,2021-07-28 00:00:00+00:00,2
2021-09-20 00:00:00+00:00,164.2899932861328,165.27999877929688,164.07000732421875,164.94000244140625,164.94000244140625,7566600,GLD,2021-09-22 00:00:00+00:00,-2
2021-09-21 00:00:00+00:00,165.80999755859375,166.6300048828125,165.49000549316406,166.0399932861328,166.0399932861328,7181500,GLD,2021-09-22 00:00:00+00:00,-1
2021-09-22 00:00:00+00:00,165.88999938964844,167.14999389648438,165.02999877929688,165.4199981689453,165.4199981689453,9777800,GLD,2021-09-22 00:00:00+00:00,0
2021-09-23 00:00:00+00:00,164.10000610351562,164.1999969482422,163.27000427246094,163.50999450683594,163.50999450683594,8451900,GLD,2021-09-22 00:00:00+00:00,1
2021-09-24 00:00:00+00:00,163.0,164.0,162.74000549316406,163.3000030517578,163.3000030517578,6937500,GLD,2021-09-22 00:00:00+00:00,2
2021-11-01 00:00:00+00:00,167.3800048828125,167.83999633789062,166.91000366210938,167.52000427246094,167.52000427246094,4975600,GLD,2021-11-03 00:00:00+00:00,-2
2021-11-02 00:00:00+00:00,167.42999267578125,167.6300048828125,166.9600067138672,167.16000366210938,167.16000366210938,3760700,GLD,2021-11-03 00:00:00+00:00,-1
2021-11-03 00:00:00+00:00,165.33999633789062,165.9499969482422,164.3800048828125,165.77000427246094,165.77000427246094,9055200,GLD,2021-11-03 00:00:00+00:00,0
2021-11-04 00:00:00+00:00,167.50999450683594,168.13999938964844,167.3699951171875,167.64999389648438,167.64999389648438,6656100,GLD,2021-11-03 00:00:00+00:00,1
2021-11-05 00:00:00+00:00,168.4199981689453,169.94000244140625,167.85000610351562,169.83999633789062,169.83999633789062,9368900,GLD,2021-11-03 00:00:00+00:00,2
2021-12-13 00:00:00+00:00,166.89999389648438,167.25999450683594,166.6699981689453,167.0,167.0,6610700,GLD,2021-12-15 00:00:00+00:00,-2
2021-12-14 00:00:00+00:00,165.33999633789062,166.13999938964844,165.16000366210938,165.44000244140625,165.44000244140625,8637900,GLD,2021-12-15 00:00:00+00:00,-1
2021-12-15 00:00:00+00:00,165.27000427246094,166.39999389648438,163.8000030517578,166.14999389648438,166.14999389648438,14231200,GLD,2021-12-15 00:00:00+00:00,0
2021-12-16 00:00:00+00:00,167.00999450683594,168.17999267578125,166.94000244140625,168.16000366210938,168.16000366210938,11186200,GLD,2021-12-15 00:00:00+00:00,1
2021-12-17 00:00:00+00:00,168.72999572753906,169.1300048828125,167.77999877929688,167.8000030517578,167.8000030517578,9856900,GLD,2021-12-15 00:00:00+00:00,2
2022-01-24 00:00:00+00:00,171.77999877929688,172.13999938964844,170.85000610351562,172.02999877929688,172.02999877929688,15727700,GLD,2022-01-26 00:00:00+00:00,-2
2022-01-25 00:00:00+00:00,171.9499969482422,173.14999389648438,171.77999877929688,172.5800018310547,172.5800018310547,17382100,GLD,2022-01-26 00:00:00+00:00,-1
2022-01-26 00:00:00+00:00,171.38999938964844,171.72999572753906,169.47999572753906,169.7899932861328,169.7899932861328,17799400,GLD,2022-01-26 00:00:00+00:00,0
2022-01-27 00:00:00+00:00,168.02000427246094,169.08999633789062,167.3300018310547,167.60000610351562,167.60000610351562,15867300,GLD,2022-01-26 00:00:00+00:00,1
2022-01-28 00:00:00+00:00,166.55999755859375,167.4600067138672,166.3699951171875,167.10000610351562,167.10000610351562,9782500,GLD,2022-01-26 00:00:00+00:00,2
2022-03-14 00:00:00+00:00,183.02999877929688,183.2899932861328,181.9499969482422,182.3000030517578,182.3000030517578,13186400,GLD,2022-03-16 00:00:00+00:00,-2
2022-03-15 00:00:00+00:00,179.10000610351562,180.27000427246094,178.00999450683594,178.88999938964844,178.88999938964844,16962300,GLD,2022-03-16 00:00:00+00:00,-1
2022-03-16 00:00:00+00:00,179.1300048828125,180.1199951171875,176.8699951171875,180.00999450683594,180.00999450683594,17548100,GLD,2022-03-16 00:00:00+00:00,0
2022-03-17 00:00:00+00:00,181.16000366210938,182.02999877929688,180.64999389648438,180.88999938964844,180.88999938964844,10954100,GLD,2022-03-16 00:00:00+00:00,1
2022-03-18 00:00:00+00:00,179.92999267578125,180.92999267578125,179.0399932861328,179.3000030517578,179.3000030517578,13996500,GLD,2022-03-16 00:00:00+00:00,2
2022-05-02 00:00:00+00:00,173.61000061035156,174.64999389648438,172.97999572753906,173.6300048828125,173.6300048828125,14318600,GLD,2022-05-04 00:00:00+00:00,-2
2022-05-03 00:00:00+00:00,173.88999938964844,175.2100067138672,173.85000610351562,174.08999633789062,174.08999633789062,7214300,GLD,2022-05-04 00:00:00+00:00,-1
2022-05-04 00:00:00+00:00,174.32000732421875,176.35000610351562,173.6699981689453,175.8000030517578,175.8000030517578,10491700,GLD,2022-05-04 00:00:00+00:00,0
2022-05-05 00:00:00+00:00,177.55999755859375,177.61000061035156,174.66000366210938,175.1300048828125,175.1300048828125,12794200,GLD,2022-05-04 00:00:00+00:00,1
2022-05-06 00:00:00+00:00,175.38999938964844,176.55999755859375,174.86000061035156,175.4199981689453,175.4199981689453,7643300,GLD,2022-05-04 00:00:00+00:00,2
2022-06-13 00:00:00+00:00,171.17999267578125,171.33999633789062,169.61000061035156,169.92999267578125,169.92999267578125,13265200,GLD,2022-06-15 00:00:00+00:00,-2
2022-06-14 00:00:00+00:00,169.61000061035156,169.72999572753906,168.3000030517578,168.57000732421875,168.57000732421875,7347900,GLD,2022-06-15 00:00:00+00:00,-1
2022-06-15 00:00:00+00:00,170.39999389648438,171.83999633789062,169.0800018310547,170.77000427246094,170.77000427246094,9000300,GLD,2022-06-15 00:00:00+00:00,0
2022-06-16 00:00:00+00:00,170.55999755859375,172.77000427246094,170.1699981689453,172.69000244140625,172.69000244140625,8823600,GLD,2022-06-15 00:00:00+00:00,1
2022-06-17 00:00:00+00:00,172.14999389648438,172.3000030517578,170.97000122070312,171.27000427246094,171.27000427246094,7407200,GLD,2022-06-15 00:00:00+00:00,2
2022-07-25 00:00:00+00:00,160.63999938964844,160.6999969482422,159.80999755859375,160.22999572753906,160.22999572753906,3713400,GLD,2022-07-27 00:00:00+00:00,-2
2022-07-26 00:00:00+00:00,160.22999572753906,160.5,159.7899932861328,160.0399932861328,160.0399932861328,2672800,GLD,2022-07-27 00:00:00+00:00,-1
2022-07-27 00:00:00+00:00,160.02000427246094,162.2100067138672,159.50999450683594,161.6699981689453,161.6699981689453,5766100,GLD,2022-07-27 00:00:00+00:00,0
2022-07-28 00:00:00+00:00,163.30999755859375,163.75999450683594,162.8800048828125,163.63999938964844,163.63999938964844,5606400,GLD,2022-07-27 00:00:00+00:00,1
2022-07-29 00:00:00+00:00,163.88999938964844,164.69000244140625,163.27999877929688,164.10000610351562,164.10000610351562,7537300,GLD,2022-07-27 00:00:00+00:00,2
2022-09-19 00:00:00+00:00,154.8699951171875,156.0399932861328,154.82000732421875,155.9600067138672,155.9600067138672,5582800,GLD,2022-09-21 00:00:00+00:00,-2
2022-09-20 00:00:00+00:00,155.02999877929688,155.22999572753906,154.58999633789062,155.07000732421875,155.07000732421875,5943700,GLD,2022-09-21 00:00:00+00:00,-1
2022-09-21 00:00:00+00:00,155.97000122070312,157.25,154.00999450683594,155.7899932861328,155.7899932861328,7816100,GLD,2022-09-21 00:00:00+00:00,0
2022-09-22 00:00:00+00:00,156.25999450683594,156.47999572753906,155.30999755859375,155.6999969482422,155.6999969482422,5975200,GLD,2022-09-21 00:00:00+00:00,1
2022-09-23 00:00:00+00:00,153.89999389648438,154.0,152.63999938964844,153.00999450683594,153.00999450683594,9598000,GLD,2022-09-21 00:00:00+00:00,2
2022-10-31 00:00:00+00:00,152.16000366210938,152.8699951171875,151.88999938964844,151.91000366210938,151.91000366210938,6097800,GLD,2022-11-02 00:00:00+00:00,-2
2022-11-01 00:00:00+00:00,153.82000732421875,153.97999572753906,152.8699951171875,153.4600067138672,153.4600067138672,4603600,GLD,2022-11-02 00:00:00+00:00,-1
2022-11-02 00:00:00+00:00,154.16000366210938,155.4199981689453,152.25999450683594,152.38999938964844,152.38999938964844,7210900,GLD,2022-11-02 00:00:00+00:00,0
2022-11-03 00:00:00+00:00,150.6999969482422,151.9600067138672,150.57000732421875,151.80999755859375,151.80999755859375,5378800,GLD,2022-11-02 00:00:00+00:00,1
2022-11-04 00:00:00+00:00,154.9499969482422,156.60000610351562,154.66000366210938,156.47000122070312,156.47000122070312,7692000,GLD,2022-11-02 00:00:00+00:00,2
2022-12-12 00:00:00+00:00,166.44000244140625,166.60000610351562,165.42999267578125,165.67999267578125,165.67999267578125,3504400,GLD,2022-12-14 00:00:00+00:00,-2
2022-12-13 00:00:00+00:00,169.2100067138672,169.7899932861328,168.02000427246094,168.50999450683594,168.50999450683594,6750200,GLD,2022-12-14 00:00:00+00:00,-1
2022-12-14 00:00:00+00:00,168.42999267578125,168.80999755859375,167.13999938964844,168.10000610351562,168.10000610351562,5643000,GLD,2022-12-14 00:00:00+00:00,0
2022-12-15 00:00:00+00:00,165.72999572753906,166.2100067138672,165.10000610351562,165.35000610351562,165.35000610351562,8363000,GLD,2022-12-14 00:00:00+00:00,1
2022-12-16 00:00:00+00:00,166.02000427246094,166.97999572753906,165.83999633789062,166.7899932861328,166.7899932861328,5372000,GLD,2022-12-14 00:00:00+00:00,2
2023-01-30 00:00:00+00:00,179.2899932861328,179.42999267578125,178.64999389648438,178.75999450683594,178.75999450683594,4210700,GLD,2023-02-01 00:00:00+00:00,-2
2023-01-31 00:00:00+00:00,178.82000732421875,179.6999969482422,178.5399932861328,179.41000366210938,179.41000366210938,5976900,GLD,2023-02-01 00:00:00+00:00,-1
2023-02-01 00:00:00+00:00,179.75,181.72999572753906,178.6300048828125,181.6699981689453,181.6699981689453,7996000,GLD,2023-02-01 00:00:00+00:00,0
2023-02-02 00:00:00+00:00,181.0800018310547,181.11000061035156,177.74000549316406,177.89999389648438,177.89999389648438,8842400,GLD,2023-02-01 00:00:00+00:00,1
2023-02-03 00:00:00+00:00,174.9199981689453,175.42999267578125,173.1199951171875,173.4600067138672,173.4600067138672,13674400,GLD,2023-02-01 00:00:00+00:00,2
2023-03-20 00:00:00+00:00,184.19000244140625,184.5399932861328,182.74000549316406,183.83999633789062,183.83999633789062,11845700,GLD,2023-03-22 00:00:00+00:00,-2
2023-03-21 00:00:00+00:00,182.64999389648438,182.72999572753906,179.89999389648438,180.3699951171875,180.3699951171875,10734500,GLD,2023-03-22 00:00:00+00:00,-1
2023-03-22 00:00:00+00:00,180.39999389648438,183.94000244140625,180.27999877929688,183.44000244140625,183.44000244140625,11969600,GLD,2023-03-22 00:00:00+00:00,0
2023-03-23 00:00:00+00:00,183.91000366210938,186.24000549316406,183.60000610351562,185.74000549316406,185.74000549316406,11347100,GLD,2023-03-22 00:00:00+00:00,1
2023-03-24 00:00:00+00:00,185.61000061035156,185.99000549316406,183.6199951171875,183.64999389648438,183.64999389648438,9245900,GLD,2023-03-22 00:00:00+00:00,2
2023-05-01 00:00:00+00:00,186.0500030517578,186.22000122070312,183.91000366210938,183.97000122070312,183.97000122070312,7997700,GLD,2023-05-03 00:00:00+00:00,-2
2023-05-02 00:00:00+00:00,184.64999389648438,187.63999938964844,184.52000427246094,187.52000427246094,187.52000427246094,14680600,GLD,2023-05-03 00:00:00+00:00,-1
2023-05-03 00:00:00+00:00,187.61000061035156,189.2100067138672,186.92999267578125,189.11000061035156,189.11000061035156,11133800,GLD,2023-05-03 00:00:00+00:00,0
2023-05-04 00:00:00+00:00,188.86000061035156,191.36000061035156,188.80999755859375,190.44000244140625,190.44000244140625,14146800,GLD,2023-05-03 00:00:00+00:00,1
2023-05-05 00:00:00+00:00,186.55999755859375,187.5800018310547,185.77000427246094,187.4600067138672,187.4600067138672,12508100,GLD,2023-05-03 00:00:00+00:00,2
2023-06-12 00:00:00+00:00,181.8000030517578,181.94000244140625,181.0399932861328,181.8800048828125,181.8800048828125,4873600,GLD,2023-06-14 00:00:00+00:00,-2
2023-06-13 00:00:00+00:00,182.10000610351562,182.42999267578125,180.1699981689453,180.5399932861328,180.5399932861328,5126700,GLD,2023-06-14 00:00:00+00:00,-1
2023-06-14 00:00:00+00:00,181.69000244140625,181.9600067138672,180.13999938964844,180.63999938964844,180.63999938964844,6807000,GLD,2023-06-14 00:00:00+00:00,0
2023-06-15 00:00:00+00:00,180.27999877929688,182.0500030517578,180.17999267578125,181.91000366210938,181.91000366210938,6739000,GLD,2023-06-14 00:00:00+00:00,1
2023-06-16 00:00:00+00:00,181.92999267578125,182.6199951171875,181.41000366210938,181.6300048828125,181.6300048828125,8779100,GLD,2023-06-14 00:00:00+00:00,2
2023-07-24 00:00:00+00:00,182.22000122070312,182.5399932861328,181.33999633789062,181.39999389648438,181.39999389648438,4370000,GLD,2023-07-26 00:00:00+00:00,-2
2023-07-25 00:00:00+00:00,181.72000122070312,182.47000122070312,181.10000610351562,182.41000366210938,182.41000366210938,4090100,GLD,2023-07-26 00:00:00+00:00,-1
2023-07-26 00:00:00+00:00,182.66000366210938,183.63999938964844,182.30999755859375,183.3000030517578,183.3000030517578,6158400,GLD,2023-07-26 00:00:00+00:00,0
2023-07-27 00:00:00+00:00,181.63999938964844,181.63999938964844,180.32000732421875,180.4199981689453,180.4199981689453,7592800,GLD,2023-07-26 00:00:00+00:00,1
2023-07-28 00:00:00+00:00,181.47999572753906,182.27000427246094,181.25,181.86000061035156,181.86000061035156,3828800,GLD,2023-07-26 00:00:00+00:00,2
2023-09-18 00:00:00+00:00,178.82000732421875,179.41000366210938,178.3800048828125,179.38999938964844,179.38999938964844,5049300,GLD,2023-09-20 00:00:00+00:00,-2
2023-09-19 00:00:00+00:00,179.5399932861328,179.64999389648438,179.02999877929688,179.22000122070312,179.22000122070312,4224700,GLD,2023-09-20 00:00:00+00:00,-1
2023-09-20 00:00:00+00:00,179.33999633789062,180.66000366210938,179.32000732421875,179.35000610351562,179.35000610351562,9328000,GLD,2023-09-20 00:00:00+00:00,0
2023-09-21 00:00:00+00:00,177.86000061035156,178.49000549316406,177.69000244140625,178.0500030517578,178.0500030517578,7571900,GLD,2023-09-20 00:00:00+00:00,1
2023-09-22 00:00:00+00:00,178.64999389648438,178.9499969482422,178.50999450683594,178.6199951171875,178.6199951171875,3634800,GLD,2023-09-20 00:00:00+00:00,2
2023-10-30 00:00:00+00:00,185.5399932861328,185.6999969482422,184.72999572753906,185.10000610351562,185.10000610351562,8756400,GLD,2023-11-01 00:00:00+00:00,-2
2023-10-31 00:00:00+00:00,185.0800018310547,186.2100067138672,183.5,184.08999633789062,184.08999633789062,10104600,GLD,2023-11-01 00:00:00+00:00,-1
2023-11-01 00:00:00+00:00,183.91000366210938,185.0,182.6699981689453,183.50999450683594,183.50999450683594,9048600,GLD,2023-11-01 00:00:00+00:00,0
2023-11-02 00:00:00+00:00,184.1300048828125,184.27999877929688,183.5,184.1199951171875,184.1199951171875,7343700,GLD,2023-11-01 00:00:00+00:00,1
2023-11-03 00:00:00+00:00,184.47999572753906,185.47000122070312,184.35000610351562,184.7899932861328,184.7899932861328,8530400,GLD,2023-11-01 00:00:00+00:00,2
2023-12-11 00:00:00+00:00,184.5,184.52999877929688,183.14999389648438,183.58999633789062,183.58999633789062,8519500,GLD,2023-12-13 00:00:00+00:00,-2
2023-12-12 00:00:00+00:00,183.83999633789062,183.97999572753906,183.25999450683594,183.49000549316406,183.49000549316406,5056900,GLD,2023-12-13 00:00:00+00:00,-1
2023-12-13 00:00:00+00:00,183.82000732421875,187.66000366210938,183.3800048828125,187.6300048828125,187.6300048828125,10635500,GLD,2023-12-13 00:00:00+00:00,0
2023-12-14 00:00:00+00:00,188.86000061035156,189.82000732421875,188.0800018310547,188.72999572753906,188.72999572753906,9107200,GLD,2023-12-13 00:00:00+00:00,1
2023-12-15 00:00:00+00:00,188.52000427246094,188.9600067138672,186.82000732421875,187.0,187.0,8324800,GLD,2023-12-13 00:00:00+00:00,2
2024-01-29 00:00:00+00:00,188.30999755859375,188.5399932861328,187.19000244140625,188.3300018310547,188.3300018310547,5629700,GLD,2024-01-31 00:00:00+00:00,-2
2024-01-30 00:00:00+00:00,189.6999969482422,189.8300018310547,187.97999572753906,188.58999633789062,188.58999633789062,4976500,GLD,2024-01-31 00:00:00+00:00,-1
2024-01-31 00:00:00+00:00,189.3699951171875,190.4600067138672,188.1300048828125,188.4499969482422,188.4499969482422,7886100,GLD,2024-01-31 00:00:00+00:00,0
2024-02-01 00:00:00+00:00,189.7100067138672,191.36000061035156,188.99000549316406,190.41000366210938,190.41000366210938,10278100,GLD,2024-01-31 00:00:00+00:00,1
2024-02-02 00:00:00+00:00,188.07000732421875,188.8699951171875,187.85000610351562,188.61000061035156,188.61000061035156,7337600,GLD,2024-01-31 00:00:00+00:00,2
2024-03-18 00:00:00+00:00,199.66000366210938,200.14999389648438,199.50999450683594,200.02999877929688,200.02999877929688,7206800,GLD,2024-03-20 00:00:00+00:00,-2
2024-03-19 00:00:00+00:00,199.6199951171875,199.80999755859375,198.94000244140625,199.8000030517578,199.8000030517578,4657500,GLD,2024-03-20 00:00:00+00:00,-1
2024-03-20 00:00:00+00:00,199.16000366210938,202.66000366210938,199.1199951171875,202.17999267578125,202.17999267578125,9593800,GLD,2024-03-20 00:00:00+00:00,0
2024-03-21 00:00:00+00:00,203.8800048828125,203.9199981689453,200.60000610351562,201.97000122070312,201.97000122070312,7396500,GLD,2024-03-20 00:00:00+00:00,1
2024-03-22 00:00:00+00:00,201.32000732421875,201.86000061035156,199.72000122070312,200.35000610351562,200.35000610351562,6918500,GLD,2024-03-20 00:00:00+00:00,2
2024-04-29 00:00:00+00:00,216.02000427246094,217.22000122070312,215.25,216.17999267578125,216.17999267578125,6409900,GLD,2024-05-01 00:00:00+00:00,-2
2024-04-30 00:00:00+00:00,213.3800048828125,214.1300048828125,211.8000030517578,211.8699951171875,211.8699951171875,11248600,GLD,2024-05-01 00:00:00+00:00,-1
2024-05-01 00:00:00+00:00,212.9600067138672,215.5,212.41000366210938,213.7899932861328,213.7899932861328,10373900,GLD,2024-05-01 00:00:00+00:00,0
2024-05-02 00:00:00+00:00,211.89999389648438,213.7100067138672,211.49000549316406,213.1300048828125,213.1300048828125,6287000,GLD,2024-05-01 00:00:00+00:00,1
2024-05-03 00:00:00+00:00,212.88999938964844,213.22999572753906,210.7100067138672,212.9600067138672,212.9600067138672,8679900,GLD,2024-05-01 00:00:00+00:00,2
2024-06-10 00:00:00+00:00,213.1300048828125,214.02000427246094,212.75999450683594,213.5399932861328,213.5399932861328,4215300,GLD,2024-06-12 00:00:00+00:00,-2
2024-06-11 00:00:00+00:00,213.9499969482422,214.3800048828125,213.24000549316406,214.14999389648438,214.14999389648438,4004100,GLD,2024-06-12 00:00:00+00:00,-1
2024-06-12 00:00:00+00:00,216.47000122070312,216.5500030517578,214.1999969482422,214.72000122070312,214.72000122070312,5911900,GLD,2024-06-12 00:00:00+00:00,0
2024-06-13 00:00:00+00:00,214.44000244140625,214.9600067138672,212.25999450683594,212.97000122070312,212.97000122070312,5861100,GLD,2024-06-12 00:00:00+00:00,1
2024-06-14 00:00:00+00:00,215.33999633789062,216.0399932861328,214.97999572753906,215.72999572753906,215.72999572753906,7076500,GLD,2024-06-12 00:00:00+00:00,2
2024-07-29 00:00:00+00:00,221.25999450683594,221.5500030517578,219.0500030517578,220.32000732421875,220.32000732421875,4665100,GLD,2024-07-31 00:00:00+00:00,-2
2024-07-30 00:00:00+00:00,221.41000366210938,222.9199981689453,220.36000061035156,222.52000427246094,222.52000427246094,4939500,GLD,2024-07-31 00:00:00+00:00,-1
2024-07-31 00:00:00+00:00,223.72999572753906,226.60000610351562,223.63999938964844,226.5500030517578,226.5500030517578,7316600,GLD,2024-07-31 00:00:00+00:00,0
2024-08-01 00:00:00+00:00,226.74000549316406,227.57000732421875,225.0500030517578,225.77000427246094,225.77000427246094,7217200,GLD,2024-07-31 00:00:00+00:00,1
2024-08-02 00:00:00+00:00,227.9499969482422,228.75999450683594,222.8699951171875,225.33999633789062,225.33999633789062,11109400,GLD,2024-07-31 00:00:00+00:00,2
2024-09-16 00:00:00+00:00,238.72999572753906,239.27999877929688,238.0500030517578,238.66000366210938,238.66000366210938,4713500,GLD,2024-09-18 00:00:00+00:00,-2
2024-09-17 00:00:00+00:00,238.0800018310547,238.60000610351562,236.61000061035156,237.33999633789062,237.33999633789062,5257100,GLD,2024-09-18 00:00:00+00:00,-1
2024-09-18 00:00:00+00:00,238.19000244140625,240.2899932861328,235.3000030517578,235.50999450683594,235.50999450683594,11081100,GLD,2024-09-18 00:00:00+00:00,0
2024-09-19 00:00:00+00:00,238.24000549316406,239.52000427246094,237.38999938964844,239.1699981689453,239.1699981689453,6108200,GLD,2024-09-18 00:00:00+00:00,1
2024-09-20 00:00:00+00:00,241.11000061035156,242.6300048828125,240.47000122070312,242.2100067138672,242.2100067138672,7737400,GLD,2024-09-18 00:00:00+00:00,2
2024-11-05 00:00:00+00:00,253.77999877929688,253.99000549316406,252.41000366210938,253.39999389648438,253.39999389648438,6029900,GLD,2024-11-07 00:00:00+00:00,-2
2024-11-06 00:00:00+00:00,245.63999938964844,247.35000610351562,244.9499969482422,245.6999969482422,245.6999969482422,14600200,GLD,2024-11-07 00:00:00+00:00,-1
2024-11-07 00:00:00+00:00,248.2899932861328,250.24000549316406,248.1199951171875,249.64999389648438,249.64999389648438,8821400,GLD,2024-11-07 00:00:00+00:00,0
2024-11-08 00:00:00+00:00,249.07000732421875,249.35000610351562,247.77999877929688,247.9600067138672,247.9600067138672,6267900,GLD,2024-11-07 00:00:00+00:00,1
2024-11-11 00:00:00+00:00,242.72999572753906,242.72999572753906,241.05999755859375,242.13999938964844,242.13999938964844,11653800,GLD,2024-11-07 00:00:00+00:00,2
2024-12-16 00:00:00+00:00,245.41000366210938,245.5399932861328,244.2899932861328,244.8800048828125,244.8800048828125,3310000,GLD,2024-12-18 00:00:00+00:00,-2
2024-12-17 00:00:00+00:00,243.8000030517578,244.5500030517578,243.22999572753906,243.94000244140625,243.94000244140625,4421300,GLD,2024-12-18 00:00:00+00:00,-1
2024-12-18 00:00:00+00:00,243.57000732421875,243.7100067138672,238.82000732421875,239.25999450683594,239.25999450683594,8015800,GLD,2024-12-18 00:00:00+00:00,0
2024-12-19 00:00:00+00:00,239.6699981689453,240.0500030517578,238.72999572753906,239.60000610351562,239.60000610351562,8111400,GLD,2024-12-18 00:00:00+00:00,1
2024-12-20 00:00:00+00:00,241.41000366210938,242.9600067138672,241.1699981689453,242.10000610351562,242.10000610351562,9527800,GLD,2024-12-18 00:00:00+00:00,2
2025-01-27 00:00:00+00:00,253.86000061035156,254.25999450683594,251.9199981689453,252.99000549316406,252.99000549316406,5799800,GLD,2025-01-29 00:00:00+00:00,-2
2025-01-28 00:00:00+00:00,254.22999572753906,255.25,253.88999938964844,255.17999267578125,255.17999267578125,5332000,GLD,2025-01-29 00:00:00+00:00,-1
2025-01-29 00:00:00+00:00,254.5500030517578,254.82000732421875,253.3000030517578,254.1999969482422,254.1999969482422,5671800,GLD,2025-01-29 00:00:00+00:00,0
2025-01-30 00:00:00+00:00,257.20001220703125,258.2900085449219,256.45001220703125,258.04998779296875,258.04998779296875,12981200,GLD,2025-01-29 00:00:00+00:00,1
2025-01-31 00:00:00+00:00,259.0799865722656,259.989990234375,257.8599853515625,258.55999755859375,258.55999755859375,8961100,GLD,2025-01-29 00:00:00+00:00,2
2025-03-17 00:00:00+00:00,275.5400085449219,276.7900085449219,275.3900146484375,276.7300109863281,276.7300109863281,8583400,GLD,2025-03-19 00:00:00+00:00,-2
2025-03-18 00:00:00+00:00,279.8999938964844,280.2099914550781,278.9700012207031,279.9599914550781,279.9599914550781,9596500,GLD,2025-03-19 00:00:00+00:00,-1
2025-03-19 00:00:00+00:00,279.8500061035156,281.4800109863281,279.05999755859375,281.1099853515625,281.1099853515625,8822200,GLD,2025-03-19 00:00:00+00:00,0
2025-03-20 00:00:00+00:00,279.489990234375,280.8999938964844,279.42999267578125,280.75,280.75,5863300,GLD,2025-03-19 00:00:00+00:00,1
2025-03-21 00:00:00+00:00,279.4599914550781,279.4599914550781,276.5899963378906,278.489990234375,278.489990234375,9359300,GLD,2025-03-19 00:00:00+00:00,2
2025-05-05 00:00:00+00:00,305.9200134277344,307.6499938964844,304.67999267578125,306.8800048828125,306.8800048828125,8924000,GLD,2025-05-07 00:00:00+00:00,-2
2025-05-06 00:00:00+00:00,313.1199951171875,315.6199951171875,311.3999938964844,315.4800109863281,315.4800109863281,11445300,GLD,2025-05-07 00:00:00+00:00,-1
2025-05-07 00:00:00+00:00,312.1000061035156,313.260009765625,310.0799865722656,310.75,310.75,7888300,GLD,2025-05-07 00:00:00+00:00,0
2025-05-08 00:00:00+00:00,309.760009765625,310.4800109863281,303.04998779296875,304.6300048828125,304.6300048828125,11927600,GLD,2025-05-07 00:00:00+00:00,1
2025-05-09 00:00:00+00:00,307.7900085449219,308.57000732421875,306.010009765625,306.8399963378906,306.8399963378906,6913100,GLD,2025-05-07 00:00:00+00:00,2
2025-06-16 00:00:00+00:00,314.79998779296875,314.8699951171875,311.6499938964844,311.7799987792969,311.7799987792969,12848400,GLD,2025-06-18 00:00:00+00:00,-2
2025-06-17 00:00:00+00:00,312.6600036621094,313.0,310.1199951171875,311.94000244140625,311.94000244140625,8234100,GLD,2025-06-18 00:00:00+00:00,-1
2025-06-18 00:00:00+00:00,312.8900146484375,312.9800109863281,309.8599853515625,310.260009765625,310.260009765625,9370800,GLD,2025-06-18 00:00:00+00:00,0
2025-06-20 00:00:00+00:00,309.3299865722656,310.8900146484375,309.25,310.1300048828125,310.1300048828125,8794700,GLD,2025-06-18 00:00:00+00:00,1
2025-06-23 00:00:00+00:00,310.3399963378906,312.6700134277344,310.30999755859375,311.0799865722656,311.0799865722656,12687900,GLD,2025-06-18 00:00:00+00:00,2
2025-07-28 00:00:00+00:00,306.44000244140625,306.5799865722656,304.04998779296875,305.4100036621094,305.4100036621094,9275400,GLD,2025-07-30 00:00:00+00:00,-2
2025-07-29 00:00:00+00:00,305.79998779296875,307.0299987792969,304.989990234375,306.25,306.25,5741100,GLD,2025-07-30 00:00:00+00:00,-1
2025-07-30 00:00:00+00:00,304.4200134277344,304.6499938964844,300.9599914550781,300.9599914550781,300.9599914550781,13459600,GLD,2025-07-30 00:00:00+00:00,0
2025-07-31 00:00:00+00:00,304.5899963378906,304.6099853515625,302.8599853515625,302.9599914550781,302.9599914550781,8981000,GLD,2025-07-30 00:00:00+00:00,1
2025-08-01 00:00:00+00:00,308.6099853515625,309.54998779296875,307.45001220703125,309.1099853515625,309.1099853515625,12843400,GLD,2025-07-30 00:00:00+00:00,2
2025-09-15 00:00:00+00:00,336.30999755859375,339.2799987792969,336.2300109863281,338.9100036621094,338.9100036621094,10569900,GLD,2025-09-17 00:00:00+00:00,-2
2025-09-16 00:00:00+00:00,340.0899963378906,340.8800048828125,338.6199951171875,339.5899963378906,339.5899963378906,12161500,GLD,2025-09-17 00:00:00+00:00,-1
2025-09-17 00:00:00+00:00,338.5299987792969,341.239990234375,335.5199890136719,336.9700012207031,336.9700012207031,16535300,GLD,2025-09-17 00:00:00+00:00,0
2025-09-18 00:00:00+00:00,336.2200012207031,336.32000732421875,333.80999755859375,335.6199951171875,335.6199951171875,14913300,GLD,2025-09-17 00:00:00+00:00,1
2025-09-19 00:00:00+00:00,336.510009765625,339.2300109863281,336.30999755859375,339.17999267578125,339.17999267578125,14982600,GLD,2025-09-17 00:00:00+00:00,2
