timestamp,symbol,announcement_date,open,high,low,close,volume
2020-01-27 00:00:00-05:00,SPY,2020-01-29,296.8875544776239,298.80840982842204,296.54750263746797,297.31951904296875,84062500
2020-01-28 00:00:00-05:00,SPY,2020-01-29,298.7532951052364,301.3175117188692,297.411458947893,300.4352111816406,63834000
2020-01-29 00:00:00-05:00,SPY,2020-01-29,301.80464726697824,302.0344150990473,299.9848759397723,300.18707275390625,53888900
2020-01-30 00:00:00-05:00,SPY,2020-01-29,298.1099014495489,301.3726208246104,297.35628443124244,301.1612243652344,75491800
2020-01-31 00:00:00-05:00,SPY,2020-01-29,300.53627454114314,300.6925289821011,294.77370836504883,295.6927795410156,113845600
2020-02-28 00:00:00-05:00,SPY,2020-03-03,265.3358812080312,273.78214824298317,262.431612691045,272.2840576171875,384975800
2020-03-02 00:00:00-05:00,SPY,2020-03-03,274.07615607149313,284.1399947778872,270.62963980873093,284.0756530761719,238703600
2020-03-03 00:00:00-05:00,SPY,2020-03-03,284.45253324163696,288.4412988396092,273.48802067885777,275.9419250488281,300139100
2020-03-04 00:00:00-05:00,SPY,2020-03-03,281.34611748356053,287.76124561083054,278.78190056084946,287.5406494140625,176613400
2020-03-05 00:00:00-05:00,SPY,2020-03-03,280.2983466782864,283.5058962139264,275.7305616596984,277.9822692871094,186366800
2020-03-12 00:00:00-04:00,SPY,2020-03-15,235.28224885190082,245.07955211123908,227.6355690327349,228.03077697753906,392220700
2020-03-13 00:00:00-04:00,SPY,2020-03-15,241.79842291502584,249.50944324443688,228.40756369443923,247.5242462158203,329566100
2020-03-16 00:00:00-04:00,SPY,2020-03-15,221.66159189335357,236.1093927100273,218.15074709711294,220.43923950195312,297240000
2020-03-17 00:00:00-04:00,SPY,2020-03-15,225.20918551626332,235.43846579518808,217.88420144738603,232.3411865234375,262070500
2020-04-27 00:00:00-04:00,SPY,2020-04-29,263.5864659697561,266.4985583281309,263.1242281918314,265.3706970214844,77896600
2020-04-28 00:00:00-04:00,SPY,2020-04-29,269.0408767126257,269.39218195173817,263.8453283979779,264.1504211425781,105270000
2020-04-29 00:00:00-04:00,SPY,2020-04-29,269.5123784401886,272.60937743352775,268.4769702518769,271.06549072265625,118745600
2020-04-30 00:00:00-04:00,SPY,2020-04-29,269.67880460969207,271.16722519078604,266.7944448748944,268.5417175292969,122901700
2020-05-01 00:00:00-04:00,SPY,2020-04-29,263.7620713917929,268.7080203732415,260.25830176242374,261.4324035644531,125180000
2020-06-08 00:00:00-04:00,SPY,2020-06-10,296.03554964324275,298.9846287841616,295.49011247657876,298.7904968261719,73641200
2020-06-09 00:00:00-04:00,SPY,2020-06-10,296.10945735478106,298.8644041849485,295.2404482275722,296.5624694824219,77479200
2020-06-10 00:00:00-04:00,SPY,2020-06-10,297.1449581975567,298.0417006533348,294.1866250080655,294.90771484375,95000800
2020-06-11 00:00:00-04:00,SPY,2020-06-10,287.93715120319683,288.57504159924287,277.35192292528046,277.9065856933594,209243600
2020-06-12 00:00:00-04:00,SPY,2020-06-10,284.96031526220054,285.7368712862336,276.04838623260395,281.23468017578125,194678900
2020-07-27 00:00:00-04:00,SPY,2020-07-29,298.64758099237304,300.3003880114199,297.84901849809495,300.12396240234375,48293000
2020-07-28 00:00:00-04:00,SPY,2020-07-29,299.3903744004211,300.5139328151327,297.9232876462,298.2204284667969,57495000
2020-07-29 00:00:00-04:00,SPY,2020-07-29,299.10252170058675,302.4545795243995,299.06537201457814,301.8881530761719,48454200
2020-07-30 00:00:00-04:00,SPY,2020-07-29,298.8982372356282,301.2288911921821,296.7997475610756,300.81103515625,61861700
2020-07-31 00:00:00-04:00,SPY,2020-07-29,302.61244819104195,303.29029543227045,298.36899581137703,303.1881408691406,84986800
2020-09-14 00:00:00-04:00,SPY,2020-09-16,313.37424422394645,316.0577494610093,310.3379161388723,314.2749328613281,65605700
2020-09-15 00:00:00-04:00,SPY,2020-09-16,316.74480086888275,317.58048447466854,314.28416589860683,315.8627014160156,52920900
2020-09-16 00:00:00-04:00,SPY,2020-09-16,317.1069767832356,318.54620822308874,314.33061177472035,314.60919189453125,82096000
2020-09-17 00:00:00-04:00,SPY,2020-09-16,309.72502362128466,313.5692080083964,309.19574692968456,311.84210205078125,91523300
2020-09-18 00:00:00-04:00,SPY,2020-09-16,312.65234798546305,312.7642147465976,305.7536226954875,308.2520751953125,105877900
2020-11-03 00:00:00-05:00,SPY,2020-11-05,311.0860610828726,315.33716740512307,307.9163805373823,313.2675476074219,93294200
2020-11-04 00:00:00-05:00,SPY,2020-11-05,317.770379479061,324.3708013943451,316.5864185914475,320.26885986328125,126959700
2020-11-05 00:00:00-05:00,SPY,2020-11-05,325.58269298423437,328.33287322005737,325.2284293931427,326.51495361328125,82039700
2020-11-06 00:00:00-05:00,SPY,2020-11-05,326.22602996906056,327.6990180332205,324.1004763849942,326.4404602050781,74973000
2020-11-09 00:00:00-05:00,SPY,2020-11-05,339.3149665096514,339.6971968539405,330.0762585132741,330.5423889160156,172304200
2020-12-14 00:00:00-05:00,SPY,2020-12-16,343.66862960375323,344.75002707857266,339.7810896102844,339.9582214355469,69216200
2020-12-15 00:00:00-05:00,SPY,2020-12-16,342.512637194647,344.5542907714844,341.1329093183016,344.5542907714844,63865300
2020-12-16 00:00:00-05:00,SPY,2020-12-16,344.76873473144684,346.0179609301644,343.88307549151705,345.09503173828125,58420500
2020-12-17 00:00:00-05:00,SPY,2020-12-16,346.7450828970696,347.2298482690858,345.9153571320904,347.0247497558594,64119500
2020-12-18 00:00:00-05:00,SPY,2020-12-16,347.31499779996716,347.4835131936305,343.6168591998632,345.6391296386719,136542300
2021-01-25 00:00:00-05:00,SPY,2021-01-27,359.20515186913644,360.2349871014211,354.327348891495,359.8792419433594,70402000
2021-01-26 00:00:00-05:00,SPY,2021-01-27,360.8342310931091,361.2461766604668,359.0834767176473,359.3175354003906,42665300
2021-01-27 00:00:00-05:00,SPY,2021-01-27,355.97510398003493,356.06873314994533,348.288626276301,350.53558349609375,123351100
2021-01-28 00:00:00-05:00,SPY,2021-01-27,352.3612262708215,357.5760596417651,351.92122345514014,353.5502624511719,94198100
2021-01-29 00:00:00-05:00,SPY,2021-01-27,351.67790617979426,352.6515984374224,344.7872027304866,346.4724426269531,126765100
2021-03-15 00:00:00-04:00,SPY,2021-03-17,369.18539790534726,371.3949265422265,367.03206963349646,371.1327819824219,73427200
2021-03-16 00:00:00-04:00,SPY,2021-03-17,371.7506472869531,372.46216609264167,369.8875211655964,370.66461181640625,73722500
2021-03-17 00:00:00-04:00,SPY,2021-03-17,369.37265796859043,372.7337369575825,368.22107905505703,371.9285888671875,97959300
2021-03-18 00:00:00-04:00,SPY,2021-03-17,369.3258548274589,371.4230112994617,365.8336892989774,366.51715087890625,115349100
2021-03-19 00:00:00-04:00,SPY,2021-03-17,366.21467340200024,367.80209436326294,363.65037138799335,365.8389587402344,113624500
2021-04-26 00:00:00-04:00,SPY,2021-04-28,392.10183999795095,392.83449368415677,391.51007573886284,392.2615051269531,52182400
2021-04-27 00:00:00-04:00,SPY,2021-04-28,392.5620883130966,392.75936217623746,391.03102298643597,392.1769714355469,51303100
2021-04-28 00:00:00-04:00,SPY,2021-04-28,392.44935635947223,393.5765290480743,391.59458899256765,392.0642395019531,51238900
2021-04-29 00:00:00-04:00,SPY,2021-04-28,394.80700209037826,395.1827167562843,391.1625096341873,394.5627746582031,78544300
2021-04-30 00:00:00-04:00,SPY,2021-04-28,392.2803223290576,393.1350897684638,391.068615885812,391.9703369140625,85527000
2021-06-14 00:00:00-04:00,SPY,2021-06-16,398.6675381475228,399.55048342857026,397.4182803625306,399.4471740722656,42358500
2021-06-15 00:00:00-04:00,SPY,2021-06-16,399.5974838955145,399.6350353003225,397.831593252923,398.71453857421875,51508500
2021-06-16 00:00:00-04:00,SPY,2021-06-16,398.85539921615816,399.08082228951355,394.4312994104029,396.48834228515625,80386100
2021-06-17 00:00:00-04:00,SPY,2021-06-16,396.0750937044504,397.3431272132893,393.86773046301494,396.35687255859375,90949700
2021-06-18 00:00:00-04:00,SPY,2021-06-16,393.0547621033666,393.75210964966317,390.80250323301783,391.00982666015625,118676300
2021-07-26 00:00:00-04:00,SPY,2021-07-28,413.9943528266913,415.6152373869866,413.94724562650384,415.6058044433594,43719200
2021-07-27 00:00:00-04:00,SPY,2021-07-28,414.559831454731,414.588101529941,410.865711993083,413.7117004394531,67397100
2021-07-28 00:00:00-04:00,SPY,2021-07-28,414.3429853060343,414.9272525731602,412.1095635711947,413.5419616699219,52472400
2021-07-29 00:00:00-04:00,SPY,2021-07-28,414.475013724892,416.34089617292534,414.4655807803335,415.2571716308594,47435300
2021-07-30 00:00:00-04:00,SPY,2021-07-28,412.6750483001058,414.7011468766554,412.54310212092867,413.240478515625,68951200
2021-09-20 00:00:00-04:00,SPY,2021-09-22,411.13253612741795,412.7207895345976,405.44125147503127,410.3384094238281,166445500
2021-09-21 00:00:00-04:00,SPY,2021-09-22,412.69243982428605,413.9970868901232,409.4213878476513,409.9508056640625,92526100
2021-09-22 00:00:00-04:00,SPY,2021-09-22,412.2386394237889,416.00131425425957,410.06424688851166,413.9497985839844,102350100
2021-09-23 00:00:00-04:00,SPY,2021-09-22,415.8311930271532,420.59598269867746,415.594844733839,418.9793395996094,76396000
2021-09-24 00:00:00-04:00,SPY,2021-09-22,417.3342812511658,420.38791097651347,417.1168304784034,419.6694030761719,62094800
2021-11-01 00:00:00-04:00,SPY,2021-11-03,435.1644227185032,435.54260303098476,433.1791203335106,434.91864013671875,48433600
2021-11-02 00:00:00-04:00,SPY,2021-11-03,435.0888399261555,436.989089404332,434.9564710356254,436.6770935058594,48908400
2021-11-03 00:00:00-04:00,SPY,2021-11-03,436.10979125304044,439.7495601725243,435.6654553768784,439.3430480957031,52509800
2021-11-04 00:00:00-04:00,SPY,2021-11-03,439.9481973426997,441.4986561507354,439.59840644972195,441.41357421875,52847100
2021-11-05 00:00:00-04:00,SPY,2021-11-03,443.654113248998,444.94929729786503,441.42299917818394,442.945068359375,66390600
2021-12-13 00:00:00-05:00,SPY,2021-12-15,444.5143899851278,444.8641808206626,440.8084362887176,441.0920715332031,87724700
2021-12-14 00:00:00-05:00,SPY,2021-12-15,437.80206627332797,440.3073520982587,435.11715345990154,438.05731201171875,97264100
2021-12-15 00:00:00-05:00,SPY,2021-12-15,438.1140923790866,445.1477906490949,435.58041689056216,444.9020080566406,116899300
2021-12-16 00:00:00-05:00,SPY,2021-12-15,446.7644699614581,447.0480763800699,439.4187463571933,440.9786682128906,116568600
2021-12-17 00:00:00-05:00,SPY,2021-12-15,437.8791727919841,440.9055744108569,434.5681683996154,436.28533935546875,135511600
2022-01-24 00:00:00-05:00,SPY,2022-01-26,409.8731346569895,417.79490672310317,399.18113239410206,417.2825927734375,251783900
2022-01-25 00:00:00-05:00,SPY,2022-01-26,410.85032778598253,417.16877027214923,405.24342122457597,412.1880187988281,167997300
2022-01-26 00:00:00-05:00,SPY,2022-01-26,418.1174611954088,421.2672003261667,406.86569201949834,411.1539001464844,186391100
2022-01-27 00:00:00-05:00,SPY,2022-01-26,415.7836519614338,418.9428587043433,407.4254790114483,409.1236572265625,149878300
2022-01-28 00:00:00-05:00,SPY,2022-01-26,410.4898509435577,419.3318784975754,405.8791116065862,419.2844543457031,164457400
2022-03-14 00:00:00-04:00,SPY,2022-03-16,399.30437358935995,402.7766424314983,394.4659248935237,395.6138610839844,95729200
2022-03-15 00:00:00-04:00,SPY,2022-03-16,398.24189393851697,404.9493127170051,396.96115246536465,404.3136901855469,106219100
2022-03-16 00:00:00-04:00,SPY,2022-03-16,407.8428763300329,413.3359122510712,403.01389421229476,413.27899169921875,144954800
2022-03-17 00:00:00-04:00,SPY,2022-03-16,411.3530688314747,418.449462890625,410.97358886601785,418.449462890625,102676900
2022-03-18 00:00:00-04:00,SPY,2022-03-16,416.8278599709145,423.3562458465392,416.0855649436217,423.0326843261719,106345500
2022-05-02 00:00:00-04:00,SPY,2022-05-04,392.1513459561276,395.8152502650987,385.4421117960179,394.4448547363281,158312500
2022-05-03 00:00:00-04:00,SPY,2022-05-04,394.9491577184404,398.67965556718195,393.3788925749156,396.2529296875,100028200
2022-05-04 00:00:00-04:00,SPY,2022-05-04,396.9190589025828,408.89097964928595,393.7119635408191,408.3199768066406,144247900
2022-05-05 00:00:00-04:00,SPY,2022-05-04,404.0280602813886,404.45631976634337,389.6484624766443,393.8072204589844,172929100
2022-05-06 00:00:00-04:00,SPY,2022-05-04,391.22818394080616,394.7493152847315,386.1177645628525,391.4565734863281,151770800
2022-06-13 00:00:00-04:00,SPY,2022-06-15,361.48870349321516,363.3539522981892,355.2553019165645,356.8731384277344,170004900
2022-06-14 00:00:00-04:00,SPY,2022-06-15,358.63372236991086,359.67103015204185,352.67631075267076,355.7977600097656,104011800
2022-06-15 00:00:00-04:00,SPY,2022-06-15,359.11909489488215,365.3429714065082,354.1323961900005,360.87017822265625,125666800
2022-06-16 00:00:00-04:00,SPY,2022-06-15,352.6002796069905,353.0094872767248,346.4810711750992,348.9268493652344,134473300
2022-06-17 00:00:00-04:00,SPY,2022-06-15,349.34442750863377,353.0432625406538,346.15215075186444,349.6789245605469,111113900
2022-07-25 00:00:00-04:00,SPY,2022-07-27,378.2470748234189,378.9352323865276,375.81940381358146,378.0750427246094,53631500
2022-07-26 00:00:00-04:00,SPY,2022-07-27,376.4214708496021,376.6317419847225,372.70353066644344,373.6019592285156,52946400
2022-07-27 00:00:00-04:00,SPY,2022-07-27,376.9184866263418,385.0616882366238,376.6221994395501,383.3030700683594,82342100
2022-07-28 00:00:00-04:00,SPY,2022-07-27,384.1154731425541,388.8082910499079,380.5408637013214,388.110595703125,73966600
2022-07-29 00:00:00-04:00,SPY,2022-07-27,389.5538375765942,394.76281063717863,388.77966399650376,393.768798828125,87003700
2022-09-19 00:00:00-04:00,SPY,2022-09-21,366.8544762691054,372.8909606933594,366.7776839632474,372.8909606933594,73278500
2022-09-20 00:00:00-04:00,SPY,2022-09-21,369.5416573988176,370.5589358934029,365.8372336897968,368.6107482910156,77274900
2022-09-21 00:00:00-04:00,SPY,2022-09-21,370.5492700763309,373.62031778951325,362.17111873810404,362.18072509765625,106746600
2022-09-22 00:00:00-04:00,SPY,2022-09-21,361.4033946062657,363.0540778662741,358.38995532545937,359.1385192871094,89472600
2022-09-23 00:00:00-04:00,SPY,2022-09-21,355.64516854599304,355.6835646985582,348.6489853785956,353.1211853027344,122346900
2022-10-31 00:00:00-04:00,SPY,2022-11-02,370.86603547419617,372.74703706801625,369.73359783111874,370.6452941894531,96631300
2022-11-01 00:00:00-04:00,SPY,2022-11-02,374.4169703145076,374.65689505707206,367.8430265107033,369.0234375,85407600
2022-11-02 00:00:00-04:00,SPY,2022-11-02,368.42834666376416,372.9677323243542,359.6567152613069,359.76226806640625,126990400
2022-11-03 00:00:00-04:00,SPY,2022-11-02,356.499345131197,359.1193336245578,353.92735915458303,356.0578918457031,87100100
2022-11-04 00:00:00-04:00,SPY,2022-11-02,361.8064154946098,363.60104740533137,355.08852449073106,361.1826171875,103505200
2022-12-12 00:00:00-05:00,SPY,2022-12-14,378.2268283238868,382.8717956542969,377.55505682829664,382.8717956542969,75405800
2022-12-13 00:00:00-05:00,SPY,2022-12-14,393.6877192725075,393.9468274552017,382.9870814344035,385.77020263671875,123782500
2022-12-14 00:00:00-05:00,SPY,2022-12-14,385.42463717389643,389.1578797205495,380.3382450356559,383.3037109375,108111300
2022-12-15 00:00:00-05:00,SPY,2022-12-14,378.4092059672174,379.3209314961328,372.2575627438176,373.92742919921875,117705900
2022-12-16 00:00:00-05:00,SPY,2022-12-14,371.35426298155033,372.7040052098421,367.3628802905893,369.5128173828125,119858000
2023-01-30 00:00:00-05:00,SPY,2023-02-01,388.34181677031853,390.5881998318813,385.91228066935525,386.2111511230469,74202000
2023-01-31 00:00:00-05:00,SPY,2023-02-01,386.73173790968514,391.9379029905027,386.3846445458055,391.88970947265625,86811800
2023-02-01 00:00:00-05:00,SPY,2023-02-01,390.66527890561525,398.8216346549571,387.90795061017513,396.05462646484375,101459200
2023-02-02 00:00:00-05:00,SPY,2023-02-01,399.9689112738937,403.2950879962849,398.0600006524984,401.82000732421875,101654500
2023-02-03 00:00:00-05:00,SPY,2023-02-01,396.8163119079325,402.003205939953,396.3342589967362,397.5490417480469,94736800
2023-03-20 00:00:00-04:00,SPY,2023-03-22,378.2105251914323,381.47198682153993,377.50406074647515,381.0558166503906,93055800
2023-03-21 00:00:00-04:00,SPY,2023-03-22,384.44305057513634,386.5431578212749,382.8365233182741,386.05926513671875,91524200
2023-03-22 00:00:00-04:00,SPY,2023-03-22,385.88506587163084,389.52391872903036,379.43961185250384,379.4783020019531,111746600
2023-03-23 00:00:00-04:00,SPY,2023-03-22,382.3622509167425,386.42696056832483,377.77495852225474,380.5041198730469,119351300
2023-03-24 00:00:00-04:00,SPY,2023-03-22,379.216933047779,383.08807368264945,376.8555348977512,383.0009765625,107682400
2023-05-01 00:00:00-04:00,SPY,2023-05-03,402.08576151935387,404.1664940165015,401.89219264472746,402.1244812011719,62122300
2023-05-02 00:00:00-04:00,SPY,2023-05-03,401.40830867309586,401.4567156600311,394.6822183840986,397.60491943359375,103998500
2023-05-03 00:00:00-04:00,SPY,2023-05-03,398.1081008891372,400.5372511628376,394.6337556072179,394.8757019042969,91531800
2023-05-04 00:00:00-04:00,SPY,2023-05-03,393.8208591219087,394.1499025748278,390.7336216985504,392.078857421875,94901900
2023-05-05 00:00:00-04:00,SPY,2023-05-03,395.73711753076117,400.3921627781765,395.4758261143649,399.3372802734375,87891800
2023-06-12 00:00:00-04:00,SPY,2023-06-14,417.03812008921574,419.9027567582966,416.31228100001,419.8253173828125,76104300
2023-06-13 00:00:00-04:00,SPY,2023-06-14,421.2963412930002,423.2415698352903,420.62856701394855,422.5931701660156,95899700
2023-06-14 00:00:00-04:00,SPY,2023-06-14,422.9318980541187,424.91584626787477,419.62205906178525,423.0964050292969,100612100
2023-06-15 00:00:00-04:00,SPY,2023-06-14,422.273733813195,429.5998753944857,422.1769789137767,428.3417663574219,110303100
2023-06-16 00:00:00-04:00,SPY,2023-06-14,430.34089350841384,430.91400433300623,426.40681511749375,426.8827819824219,114165800
2023-07-24 00:00:00-04:00,SPY,2023-07-26,440.39469597638623,442.01691417279216,439.3553119074868,441.2009582519531,54023400
2023-07-25 00:00:00-04:00,SPY,2023-07-26,440.9289082929075,443.6681778954392,440.8803214969706,442.4053955078125,55191200
2023-07-26 00:00:00-04:00,SPY,2023-07-26,441.46317544729123,443.911042961274,440.4043745511735,442.4734191894531,71052900
2023-07-27 00:00:00-04:00,SPY,2023-07-26,445.8829680364058,446.2909607998054,438.62675611700837,439.53985595703125,92194400
2023-07-28 00:00:00-04:00,SPY,2023-07-26,442.8328044008366,444.67842082733665,439.5398113376436,443.8430480957031,80011800
2023-09-18 00:00:00-04:00,SPY,2023-09-20,431.8880562008691,433.7596979795193,431.41041048207376,432.4534606933594,55752200
2023-09-19 00:00:00-04:00,SPY,2023-09-20,431.5273976156573,432.1220451372753,428.8564369332347,431.556640625,66514600
2023-09-20 00:00:00-04:00,SPY,2023-09-20,432.8239407184067,433.24310046777794,427.38450256840395,427.5892333984375,82562600
2023-09-21 00:00:00-04:00,SPY,2023-09-20,424.72326482320904,424.98645190638643,420.36587795373464,420.5218505859375,104095800
2023-09-22 00:00:00-04:00,SPY,2023-09-20,421.55511960544146,423.1635445210309,419.1570739871224,419.5762634277344,100829700
2023-10-30 00:00:00-04:00,SPY,2023-11-01,403.141047198921,406.1824392731636,401.83480982081625,405.1199035644531,86562700
2023-10-31 00:00:00-04:00,SPY,2023-11-01,405.69505594528636,407.98585770033435,403.7746855057875,407.6641845703125,79665200
2023-11-01 00:00:00-04:00,SPY,2023-11-01,408.6389571260531,412.83061379639145,408.10279562252936,412.01177978515625,98068100
2023-11-02 00:00:00-04:00,SPY,2023-11-01,415.8330307293069,420.0637180038268,415.813545304772,419.9077453613281,94938900
2023-11-03 00:00:00-04:00,SPY,2023-11-01,422.2277700758668,425.29840509845803,422.1010404505435,423.73870849609375,100167800
2023-12-11 00:00:00-05:00,SPY,2023-12-13,448.1088174696224,450.5263483806559,447.89435884244415,450.3508605957031,65002200
2023-12-12 00:00:00-05:00,SPY,2023-12-13,450.0000022439556,452.50526249444346,448.99595257627306,452.40777587890625,68327600
2023-12-13 00:00:00-05:00,SPY,2023-12-13,452.78791758445004,458.8999741334749,452.4272438947044,458.6465148925781,93278000
2023-12-14 00:00:00-05:00,SPY,2023-12-13,460.5961760475195,461.79519902487226,457.42805420169003,460.1185302734375,119026000
2023-12-15 00:00:00-05:00,SPY,2023-12-13,459.51747535907043,460.7017950539939,457.50123455083025,459.3608703613281,141553700
2024-01-29 00:00:00-05:00,SPY,2024-01-31,477.3700541206398,480.98167658692427,476.82195156629274,480.8348388671875,61322800
2024-01-30 00:00:00-05:00,SPY,2024-01-31,480.1399445091589,481.1774265123715,479.69949107392625,480.46295166015625,58618400
2024-01-31 00:00:00-05:00,SPY,2024-01-31,478.2411436229909,478.6913643297399,472.60348309923063,472.6230773925781,126011100
2024-02-01 00:00:00-05:00,SPY,2024-01-31,474.33593304245267,478.8382299805873,473.5235464242378,478.8088684082031,91891600
2024-02-02 00:00:00-05:00,SPY,2024-01-31,479.24936880007124,485.513420823858,478.90679715445305,483.84954833984375,99228200
2024-03-18 00:00:00-04:00,SPY,2024-03-20,504.64514516646915,506.09818983280354,503.11353972986234,503.52587890625,88893300
2024-03-19 00:00:00-04:00,SPY,2024-03-20,502.82889109663125,506.60879710530685,501.8176083387377,506.3240966796875,60755300
2024-03-20 00:00:00-04:00,SPY,2024-03-20,506.3829931276009,511.1446990445809,505.70554874674644,511.0072326660156,69594600
2024-03-21 00:00:00-04:00,SPY,2024-03-20,513.8642059623243,514.5710730467603,512.4111015260332,512.6958618164062,60256100
2024-03-22 00:00:00-04:00,SPY,2024-03-20,512.6076136381714,513.0985136669201,511.4883471907875,511.7240295410156,79070800
2024-04-29 00:00:00-04:00,SPY,2024-05-01,500.80633878668806,501.4543303567636,498.01803049137214,500.7768859863281,46415400
2024-04-30 00:00:00-04:00,SPY,2024-05-01,499.30419429336763,500.285994271129,492.8439636230469,492.8439636230469,77483600
2024-05-01 00:00:00-04:00,SPY,2024-05-01,492.2548745985235,498.9409300087414,490.7723470533853,491.2436218261719,80242800
2024-05-02 00:00:00-04:00,SPY,2024-05-01,494.97439024106575,496.682742360736,490.4581049217004,495.83837890625,62550200
2024-05-03 00:00:00-04:00,SPY,2024-05-01,501.85688879465766,503.22157520671925,499.30420281647224,501.9845275878906,72756700
2024-06-10 00:00:00-04:00,SPY,2024-06-12,523.4760441854506,526.2348994057324,522.8771606503717,525.910888671875,35686100
2024-06-11 00:00:00-04:00,SPY,2024-06-12,524.3499623185136,527.2364568758308,522.3667070325627,527.1775512695312,36383400
2024-06-12 00:00:00-04:00,SPY,2024-06-12,531.7722462429228,534.2169182295552,530.466435691381,531.5071411132812,63251300
2024-06-13 00:00:00-04:00,SPY,2024-06-12,533.2647256389599,533.4414424585367,529.7695198283611,532.5774536132812,44760900
2024-06-14 00:00:00-04:00,SPY,2024-06-12,531.0359842688257,532.930851061761,530.0247015137712,532.9014282226562,40089900
2024-07-29 00:00:00-04:00,SPY,2024-07-31,537.8118692092069,538.8263542761403,534.5614289959356,536.57080078125,39515800
2024-07-30 00:00:00-04:00,SPY,2024-07-31,538.0483268975827,539.1121085726509,530.4246884811519,533.8523559570312,46853600
2024-07-31 00:00:00-04:00,SPY,2024-07-31,540.7273999983412,545.1794720155896,539.3484816681636,542.5299072265625,65663400
2024-08-01 00:00:00-04:00,SPY,2024-07-31,544.2633298730499,546.5287423968499,531.3208465092305,534.8470458984375,76428700
2024-08-02 00:00:00-04:00,SPY,2024-07-31,527.6962318838754,528.9175817191577,520.6536916296925,524.8890991210938,82789100
2024-09-16 00:00:00-04:00,SPY,2024-09-18,553.2955891224333,554.6449896789841,551.483282734757,554.3790893554688,36656100
2024-09-17 00:00:00-04:00,SPY,2024-09-18,556.6049820887653,558.062774533223,552.3597755455934,554.6055297851562,49321000
2024-09-18 00:00:00-04:00,SPY,2024-09-18,555.26554457798,560.1411455135499,552.3993157299367,552.9607543945312,59044900
2024-09-19 00:00:00-04:00,SPY,2024-09-18,562.4262453589706,564.268129589741,559.5402980876692,562.3966674804688,75315500
2024-09-20 00:00:00-04:00,SPY,2024-09-18,561.0193287525613,562.4716426757624,558.381356452098,561.4243774414062,77503100
2024-11-05 00:00:00-05:00,SPY,2024-11-07,563.884576772617,569.8125080872711,563.6672482360568,569.7730102539062,39478300
2024-11-06 00:00:00-05:00,SPY,2024-11-07,582.122869688031,584.8200591512631,578.3586356989562,583.9407348632812,68182000
2024-11-07 00:00:00-05:00,SPY,2024-11-07,585.9562310221482,589.4833571706318,585.8771750583134,588.455810546875,47233200
2024-11-08 00:00:00-05:00,SPY,2024-11-07,589.0091874412216,592.4375394769669,589.0091874412216,591.0049438476562,46444900
2024-11-11 00:00:00-05:00,SPY,2024-11-07,592.6053690098148,592.9610303908673,589.8291237873193,591.5679931640625,37586800
2024-12-16 00:00:00-05:00,SPY,2024-12-18,598.7210366652528,600.4796851568691,597.9405474515993,599.5015258789062,43695200
2024-12-17 00:00:00-05:00,SPY,2024-12-18,596.9327804455652,597.900989889001,595.6484074425919,597.0315551757812,55773500
2024-12-18 00:00:00-05:00,SPY,2024-12-18,596.7252628946356,599.1260676649564,578.8525850593486,579.2379150390625,108248700
2024-12-19 00:00:00-05:00,SPY,2024-12-18,584.2568879572754,585.8772036337424,578.8130614589971,579.06005859375,85919500
2024-12-20 00:00:00-05:00,SPY,2024-12-18,576.716609074651,590.5751556827481,575.8640332815654,586.01513671875,125716700
2025-01-27 00:00:00-05:00,SPY,2025-01-29,589.6433687414142,594.4809850060814,589.4748623340163,594.1637573242188,70361100
2025-01-28 00:00:00-05:00,SPY,2025-01-29,595.4028949130045,600.1116355041081,592.0621722182419,599.26904296875,44433300
2025-01-29 00:00:00-05:00,SPY,2025-01-29,598.4759021527152,598.882374668965,594.0149903221018,596.58251953125,37177400
2025-01-30 00:00:00-05:00,SPY,2025-01-29,598.7139095137852,601.3309319842132,595.5020019503173,599.7844848632812,39281300
2025-01-31 00:00:00-05:00,SPY,2025-01-29,602.2231232896551,604.6617769781066,595.8291372870628,596.5924682617188,66566900
2025-03-17 00:00:00-04:00,SPY,2025-03-19,557.9013981951625,564.7613323506962,557.4652177604464,562.2235717773438,49008700
2025-03-18 00:00:00-04:00,SPY,2025-03-19,559.8939850390469,560.1121055231899,554.203853884888,556.1468505859375,66041400
2025-03-19 00:00:00-04:00,SPY,2025-03-19,557.9410986045036,565.9905608911315,556.7515100807932,562.2037353515625,66556000
2025-03-20 00:00:00-04:00,SPY,2025-03-19,558.4367918514132,565.6138937221895,557.7130916703615,560.5780029296875,62958200
2025-03-21 00:00:00-04:00,SPY,2025-03-19,556.0897976294804,561.6677826377718,554.8469278493619,560.762939453125,83763000
2025-05-05 00:00:00-04:00,SPY,2025-05-07,559.3610137868201,563.4177577758883,558.4959812674823,560.295654296875,38659200
2025-05-06 00:00:00-04:00,SPY,2025-05-07,554.747455291201,560.1365216016732,553.7830174830004,555.6124877929688,48264700
2025-05-07 00:00:00-04:00,SPY,2025-05-07,556.9548009077818,560.6038493983164,552.8681991631311,557.9490966796875,55588000
2025-05-08 00:00:00-04:00,SPY,2025-05-07,562.0157579568283,567.0568450320475,558.4959726115572,561.8367919921875,65130800
2025-05-09 00:00:00-04:00,SPY,2025-05-07,563.2487187713206,564.2629200033267,559.5499671743652,561.1209716796875,37603400
2025-06-16 00:00:00-04:00,SPY,2025-06-18,596.9752246255282,601.0021104918266,596.7961979763596,599.2421875,79984100
2025-06-17 00:00:00-04:00,SPY,2025-06-18,596.7862874189289,598.3174810611555,593.3559548666378,594.12158203125,82209400
2025-06-18 00:00:00-04:00,SPY,2025-06-18,595.0264003245132,597.7905111811382,593.0676059775907,594.0321044921875,76605000
2025-06-20 00:00:00-04:00,SPY,2025-06-18,596.7256028572928,597.8026339141032,591.2208450851572,592.636962890625,94051400
2025-06-23 00:00:00-04:00,SPY,2025-06-18,593.3948045851308,598.8795981212522,590.2535502615591,598.49072265625,87426000
2025-07-28 00:00:00-04:00,SPY,2025-07-30,635.7175012309004,636.2759505305676,633.782862430909,635.1790161132812,54917100
2025-07-29 00:00:00-04:00,SPY,2025-07-30,636.5850848856694,636.9042074633194,632.5862227401361,633.503662109375,60556300
2025-07-30 00:00:00-04:00,SPY,2025-07-30,634.1617960302962,635.9169397338984,629.7939009526881,632.7058715820312,80418900
2025-07-31 00:00:00-04:00,SPY,2025-07-30,637.6920593309911,638.0809348105399,629.0260827850975,630.3324584960938,103385200
2025-08-01 00:00:00-04:00,SPY,2025-07-30,624.5683918435021,624.6083202058907,617.5777633723885,620.0010375976562,140103600
2025-09-15 00:00:00-04:00,SPY,2025-09-17,657.8162552961535,659.2123480846643,657.5170969033588,659.0827026367188,63772400
2025-09-16 00:00:00-04:00,SPY,2025-09-17,659.6411384615709,659.9503398052897,657.3874380375795,658.1752319335938,61169000
2025-09-17 00:00:00-04:00,SPY,2025-09-17,658.1852662695255,659.8904996422112,652.4910309141978,657.3575439453125,101952200
2025-09-18 00:00:00-04:00,SPY,2025-09-17,660.0600439458431,663.0517496492283,658.4445277353276,660.4290161132812,90459200
2025-09-19 00:00:00-04:00,SPY,2025-09-17,662.3300170898438,664.5499877929688,660.3699951171875,663.7000122070312,97945600
